{"cameraMode":{"drawMode":0,"name":"Shaded","section":"Shading Mode"},"sceneLighting":true,"audioPlay":false,"sceneViewState":{"showFog":true,"showMaterialUpdate":false,"showSkybox":true,"showFlares":true,"showImageEffects":true,"showParticleSystems":true},"in2DMode":false,"pivot":{"x":-3.966449737548828,"y":7.0024733543396,"z":1.7382469177246094},"rotation":{"x":-0.022224031388759614,"y":0.8791540265083313,"z":-0.041177891194820407,"w":-0.47424963116645815},"size":10.0,"orthographic":false}